,recall,precision,pf,wins
bionote.csv,0.0,0.0,0.0,0
echongl.csv,0.245,0.6599999999999999,0.31,10
hazelcast.csv,0.935,0.69,0.8400000000000001,9
japano.csv,0.925,0.5800000000000001,0.915,4
jmol.csv,1.0,0.61,1.0,3
mobicents.csv,0.965,0.6699999999999999,0.96,7
nunit.csv,0.575,0.265,0.37,5
openefm.csv,0.09,0.26,0.035,6
snakeyaml.csv,0.025,0.07,0.0,2
trackit.csv,0.0,0.0,0.0,0
unicase.csv,0.965,0.595,0.85,8
wheat.csv,0.745,0.715,0.54,11
