,recall,precision,pf,wins
arsenal-1.csv,0.295,0.30500000000000005,0.23,4
aztec.csv,0.92,0.4,0.9099999999999999,1
jbpm.csv,0.125,0.5599999999999999,0.05,7
mediate.csv,0.9099999999999999,0.27,0.6,3
mycila.csv,0.0,0.0,0.0,0
neodatis-odb.csv,0.05,0.325,0.08,5
nsis.csv,0.895,0.33999999999999997,0.6699999999999999,2
rodin-b-sharp.csv,0.63,0.39,0.485,6
