,recall,precision,pf,wins
adonthell.csv,0.0,0.0,0.0,0
decidr.csv,0.77,0.585,0.6499999999999999,5
elynx.csv,0.25,0.595,0.0,7
exist.csv,0.99,0.5700000000000001,0.9299999999999999,4
ivatamasks.csv,0.0,0.0,0.0,0
libopenmetaverse.csv,1.0,0.575,1.0,3
mule.csv,0.0,0.0,0.0,0
runuomondains.csv,0.44,0.5900000000000001,0.14500000000000002,6
