,recall,precision,pf,wins
codesmith.csv,0.69,0.46499999999999997,0.30500000000000005,8
geotools.csv,0.81,0.565,0.6,5
gephex.csv,0.735,0.485,0.46,7
haggle.csv,0.53,0.305,0.45499999999999996,3
java-gnome.csv,0.18,0.26,0.09,4
jgnash.csv,0.345,0.39999999999999997,0.015,9
jrdf.csv,0.0,0.0,0.0,1
mpqc.csv,0.06,0.475,0.095,6
panda3d.csv,0.0,0.0,0.0,1
tencompetence.csv,0.595,0.43000000000000005,0.65,0
