,recall,precision,pf,wins
etherboot.csv,0.155,0.69,0.060000000000000005,11
fityk.csv,0.9550000000000001,0.4,0.6200000000000001,10
hatari.csv,0.7749999999999999,0.525,0.75,7
lmms.csv,0.94,0.51,0.895,6
mecat.csv,0.0,0.0,0.0,0
nullc.csv,0.655,0.45999999999999996,0.77,4
oscarmcmaster.csv,1.0,0.495,1.0,5
superwaba.csv,0.7949999999999999,0.55,0.74,8
tycho.csv,0.0,0.0,0.0,0
vienna-add-in.csv,0.6799999999999999,0.26,0.365,9
voms.csv,0.0,0.0,0.0,0
wsmt.csv,0.45,0.44000000000000006,0.64,3
