,recall,precision,pf,wins
atomsite.csv,0.0,0.0,0.0,0
bullet.csv,0.8300000000000001,0.45499999999999996,0.7050000000000001,3
openintents.csv,0.39,0.155,0.075,5
pokenetonline.csv,0.955,0.375,0.66,4
tktoolkit.csv,0.0,0.0,0.0,0
zealos.csv,0.0,0.0,0.0,0
