,recall,precision,pf,wins
aubit4gl.csv,1.0,0.435,1.0,2
bibedt.csv,0.28,0.595,0.09,9
cascading.csv,0.07,0.195,0.04,3
firebreath.csv,0.835,0.29500000000000004,0.5449999999999999,6
fritzing.csv,0.815,0.29500000000000004,0.595,5
httpcontentparser.csv,0.030000000000000002,0.38,0.01,7
mpgravity.csv,0.97,0.465,0.92,4
patterntesting.csv,0.0,0.0,0.0,0
roller.csv,0.62,0.29500000000000004,0.29500000000000004,8
xfce.csv,1.0,0.385,1.0,1
