,recall,precision,pf,wins
alpine.csv,0.385,0.46499999999999997,0.21,7
biodwh.csv,0.0,0.0,0.0,0
brlcad.csv,0.0,0.0,0.0,0
critterding.csv,1.0,0.345,1.0,2
jmri.csv,1.0,0.42000000000000004,1.0,3
nabu-library.csv,0.53,0.28500000000000003,0.18,6
popeye-chess.csv,0.62,0.31,0.43999999999999995,5
yarp.csv,1.0,0.445,1.0,4
